{"cameraMode":{"drawMode":0,"name":"Shaded","section":"Shading Mode"},"sceneLighting":true,"audioPlay":false,"sceneViewState":{"showFog":false,"showMaterialUpdate":true,"showSkybox":false,"showFlares":false,"showImageEffects":true,"showParticleSystems":false},"in2DMode":false,"pivot":{"x":-6.150000095367432,"y":2.390000104904175,"z":0.0},"rotation":{"x":0.21429398655891419,"y":0.15572255849838258,"z":-0.03485776484012604,"w":0.9636482000350952},"size":0.8660253882408142,"orthographic":false}